0.482873913855,-0.153272149757,-0.400245778293,0.0328894673103,-0.144172669567,0.0897048028765,0.554793213458,0.597060339079,0.558149780942,0.181787298013,-0.585497206016,-0.134350720495,0.315272101718,0.479148855784,-0.364844211623,-0.00467208223997,0.00251302866542,0.761483161282,-0.39221156467,-0.454332184561,-0.187179813547,0.1206891734,-0.144026685171,-0.431809422786,0.346754789002,0.353592106245,0.304935811226,-0.211382465313,-0.584976191309,-0.89783134658,0.0330129578824,0.384153404656,-0.942116070119,0.2240499654,-0.0560136888908,-0.0378387244356,-0.953568365036,0.166197473806,0.334438060901,0.717413915253,1.0,0.0636768089564,-0.344266646824,0.335095077335,-0.724844616103,0.243022497787,-0.104350001618,0.0143350652736,0.130891010584,-0.110522465702,0.393776450701,0.021126012956,-0.0859292678409,-0.145338651966,0.344167724505,-0.0730197004768,-0.309608361634,0.470666151878,-0.00181771665244,0.221844616946,0.158911948228,0.700115635192,0.0378780312703,0.206345140698,-0.362079615175,0.26365378803,0.125216996125,0.159289909124,-0.569827815429,-0.00774759057409,0.383774946226,-0.0830316028567,-0.471171010911,0.184922258915,-0.0753858837049,0.264345328451,0.311676841839,-0.0953186304057,0.231870923359,-0.317067093295,-0.211006417442,0.429668568213,0.0646233777264,0.168990650828,0.342139157666,0.277659071262,0.352899476761,0.0908607362354,0.0420260255273,0.100329012503,0.000124255353831,0.065921290173,-0.151183730776,0.15569713936,-0.253633979326,0.293587816953,-0.00552523846979,0.225329023229,0.163098433267,0.146327410469,0.0827726141258,0.294393471597,0.337747840326,-0.171567986959,0.0820299988493,-0.141996573998,-0.0898516713981,-0.373146768667,-0.215784648442,-0.0109112330084,0.215288444488,0.0989786623458,0.510923235797,0.24164077595,0.0192964027772,0.244293384691,0.314508964468,-0.235014083611,-0.025547534301,0.206947525424,0.0100019034929,-0.65604800688,0.289656912735,-0.359680233254,0.174045471639,0.197532704214,0.121933680845,-0.0784679163773,-0.0463888317251,0.175024769496,-0.613234317996,-0.117465016247,-0.0694187909648,-0.0588360225587,-0.350884419413,0.0233844579001,0.166989127213,-0.248017636449,-0.363311033033,0.286240467359,0.502166384157,-0.266773767621,0.217866789621,-0.0415061781854,-0.255681760045,0.0400348907504,0.289053836792,0.0692502207902,-0.0201862300046,0.0946094760537,-0.0693377230651,0.253557125182,0.00649217092293,0.20456407137,-0.243116597954,0.396507133939,-0.363546505509,-0.126419497425,-0.41012592344,0.00952320857621,0.421619926992,0.21544965858,-0.118693125601,0.137763794062,-0.106564176448,-0.111054307663,-0.0131851626804,0.63447668413,0.377829600715,0.0792238414642,0.0852521272823,0.469288698775,-0.190043947265,-0.525041221221,0.0338099113888,0.0728721011123,0.0267976861534,0.5087556505,-0.279954304651,0.386352487659,0.0365603642593,0.134661319514,-0.489339145162,-0.184672232842,0.11919258098,0.0513907425645,0.205788375078,0.00628627084999,0.226309854083,-0.149198169705,0.0181930601235,0.00899300936065,-0.461944595022,0.00408325839676,-0.0564155615509,0.223723296347,0.398662470802,0.372520333174,-0.0414667113406,-0.0594450222819
0.419491217575,-0.207337102548,-0.39057871385,0.145533974043,-0.139707917035,0.10345910434,0.362997720621,-0.0096177462344,0.182980548234,-0.0827376097476,-0.244713010492,-0.114462023533,0.267295640504,0.24532856724,0.442211716964,0.308608584597,-0.291834218217,0.198737686388,-0.259343584493,-0.24415448107,-0.1172423263,0.110072962443,-0.0808810498828,-0.0996425477854,-0.136371044478,-0.106596737132,0.0649665365182,0.421627244063,0.195267615147,-0.0443196551511,0.290612353772,0.235390536734,-0.98586852549,0.361620298828,0.361677102209,0.152081818468,-0.339827318267,-0.0961573463595,-0.01917659039,0.0629817425934,0.223908825173,-0.338833683814,-0.590028034955,-0.0435496004546,-0.30388216755,-0.370036129237,-0.00749670343,0.28669805934,0.264952857318,-0.186133116121,0.337606197516,0.0549977646825,-0.0963011528504,0.0215977791242,0.0652791788076,0.120719506776,0.0478944142229,0.576600394424,-0.136315735684,-0.184984552052,-0.0493447267796,0.318028032834,0.0474944323298,-0.0885610605768,0.00752318971259,0.0322543970859,-0.205248382073,-0.119357189499,-0.039856656316,-0.119777949122,0.0401507700157,-0.252443382855,-0.236463925696,0.109501655071,-0.0762715099124,0.00706709108304,-0.437811684321,0.212366901336,0.381436353795,-0.462613561002,0.187088113052,0.675516286797,0.158574220277,0.510637294278,0.0698357264778,0.218647852182,0.152110380955,-0.0353269526357,0.0614941873685,0.0719065189742,0.286247448795,0.12288357188,0.0113555184551,0.0715116882864,-0.0926646173547,-0.130451624237,-0.183129137191,-0.157341735111,-0.236954752354,-0.0478156780744,-0.158964593328,0.190015513146,-0.00404915725095,-0.177675433352,0.0754311214806,0.184664139518,0.0734085243014,0.286677085358,-0.0275360984567,0.283998115796,0.40332834934,0.0850114270729,-0.127461222567,-0.064877445232,0.113979780502,0.10368368846,0.0250890587563,-0.000269962823559,-0.0396628656956,0.0966167887645,0.27112013534,0.118053665151,0.191356766115,0.0149384870559,0.169440553013,0.204859412809,0.354611346831,-0.344821150448,0.307009625131,0.497697430632,0.174357880924,0.334723839907,0.069006978869,-0.405102042605,-0.0281193452686,0.17276348958,0.196376871858,0.137738196115,-0.373695170625,-0.0798756065138,0.658789747486,0.0625830678943,-0.070131209506,0.515336376739,0.161534593945,0.25415165272,0.175547288249,0.651182162421,0.300670444806,-0.0623314653292,0.0567429709532,0.139048916364,0.10879135689,-0.0656224390763,0.242712939316,0.30273844406,0.389308566026,0.0754678247766,0.183443122462,-0.440558285169,0.148641214816,-0.120026473155,0.205804682743,0.244810627129,0.0366306507943,0.0974690340656,-0.248161384449,-0.196322149903,-0.184801805729,-0.645144571597,-0.5321452402,-0.0921890360564,0.046156968614,-0.729681485325,0.274121840605,0.167574160232,-0.374290080782,0.148216264064,0.278302643427,0.0205733014171,-0.0199122460593,-0.27214538933,-0.129190082934,0.199071552717,0.341503942696,-1.0,0.352105148298,0.47429752425,-0.0127549740508,0.457272631062,-0.15523251192,0.207281262611,-0.111877638785,0.0222668346989,-0.0523076752018,-0.0780326423237,0.683765502066,0.200939712361,-0.158254778056,0.342479960799
0.480492934873,-0.0579831096284,-0.367352431935,0.121647171457,-0.494059620545,-0.0697439457552,0.127555157081,0.138815037086,0.348543983877,-0.230579356347,-0.270845280875,0.260916185042,0.903282898511,-0.0197042580688,-0.0800800543796,0.593336752399,-0.155175206675,0.92473332862,-0.075084712478,-0.324337371246,-0.261606208743,0.0834758428216,-0.0460727223389,-0.408411829366,0.283206324078,0.270652806207,0.108001027756,-0.0829785997578,-0.177078020253,0.116453547706,-0.432361775697,-0.289326977653,-0.55673855976,0.10237244523,0.393906916552,-0.508231898604,-0.402572332139,0.403844517733,0.0309042968636,0.00893662002091,0.350755709849,0.405633790369,-0.490039350295,0.236236027089,-1.0,0.013462222422,-0.15293915641,0.382997997722,0.221259684734,-0.0841343803368,0.212528735868,-0.00023828341187,-0.367971336767,0.201481223294,-0.153452561336,0.167146480312,0.593754553967,0.990296745128,0.0130178843208,-0.0598006656889,0.267344992893,0.833670479298,0.0946311683701,0.216026833118,0.543480815895,0.0141003340303,-0.139164379381,0.085535734794,-0.209230692754,0.21574030349,0.0904891335353,0.102712748597,0.190878725118,-0.255210553977,-0.0706987272214,0.230017469187,-0.202650844338,-0.100607134348,-0.0230240219973,-0.0340513461623,-0.117342114825,0.480071004706,0.26961422019,0.662149189896,0.48407207241,0.277667478016,-0.0512841119514,0.421789674372,-0.287862105262,-0.329239694185,-0.252209424485,0.0395793207829,-0.26790970529,0.517567557728,-0.18802633432,-0.283284966346,-0.614911752187,0.0323931042845,0.116796305746,0.293447718494,-0.234554471384,-0.0641229971739,-0.0228314601242,-0.670151845255,0.501315801114,-0.178539741759,0.452066589352,-0.566864576944,-0.288403892876,0.0102962295862,0.186151122383,0.0567604219337,0.210809122133,0.374843163166,-0.0235762579199,0.210675403192,0.0522151712886,-0.0158041480608,0.390416966195,0.176290524469,-0.116753513785,-0.613918124807,0.0865803882175,-0.290510890325,0.370663850986,0.296639539937,0.233609170726,0.109829492853,0.00954292495726,-0.183729669362,-0.76416656319,0.599414449418,-0.146823192511,-0.442878898088,-0.489945107616,0.688167567696,0.0214186602381,0.387303782585,-0.293727982953,-0.114817037677,0.696312396046,-0.147792754911,0.350966270763,0.466907235879,0.177144284152,0.272808140354,-0.00970780848801,0.425107882909,0.305956644567,-0.273202317447,0.467389978416,0.284387298503,-0.134308015243,-0.754239682198,-0.423847077107,0.0334554595246,0.306898849332,0.302618552767,-0.475688811945,0.15073117398,0.208960609282,-0.0780516379763,0.394466195997,0.677816898694,-0.533025314919,0.0430555264957,-0.453247335718,0.627344298782,0.158257820709,0.241319410402,-0.39181450625,0.383626942029,-0.195441563374,-0.516825220911,-0.177470429507,-0.252928582909,-0.463686531254,0.156149184681,-0.689138691285,-0.0461133185705,0.226250259476,-0.318575546108,-0.55958961002,-0.374501955112,0.0672450647505,0.322817110581,-0.0382550672512,0.150451122806,0.169927950842,-0.233487916548,0.215724488533,-0.405907343186,-0.212195833277,0.0816131447282,0.313510781697,-0.0984338897516,0.690720930257,-0.352806922067,0.236966103735,-0.0791108382686
0.76721809533,-0.439637864556,-0.770753005679,0.340813410063,0.780541072108,-0.247687277325,0.152093164748,0.224383591226,-0.162837596324,0.672112978236,-0.626065170536,0.0967136909285,-1.0,0.181937532768,-0.400660849769,-0.16053291316,-0.104355241813,-0.261167684225,-0.332241232006,0.152592015557,0.330136347082,0.725996161352,0.427413300566,0.363300070872,0.324450705562,0.232088333521,0.626508409775,-0.469102697727,-0.479320610426,0.0319084880515,-0.172662762437,0.2142331494,0.565908172829,0.453386936081,-0.660113575638,0.56109378945,-0.196964962416,0.465395471366,-0.109114225731,0.374586383491,0.0365905275354,0.19917068333,0.082395208985,-0.105454117973,-0.338139018752,0.151329158399,0.0127333650604,-0.148660354639,0.0283272731817,0.204188974145,-0.0161355727401,0.336034604769,-0.0742434380785,0.15116114661,0.230102687479,0.420630069266,-0.547903626988,0.32144942822,0.402204062301,0.743908515623,0.303550245347,0.321421585957,0.442286579083,-0.105422412663,-0.0867228391076,-0.123024593449,-0.22529665984,-0.412199988873,-0.540200604384,-0.0819741160167,-0.328644397417,0.172951914453,-0.25418900789,-0.264096880785,-0.343531984039,-0.376333800988,-0.313584268684,-0.807413402755,-0.458947623837,0.368839562635,0.262392186335,-0.126628093888,0.419004763519,0.112635606249,0.228507909297,0.045349897699,0.25943692677,-0.170117495173,-0.312495411091,-0.156405212347,-0.0702066551532,0.465972667687,-0.285886274955,0.0988847495946,0.180477216072,-0.483932885403,0.573116940405,0.282909681382,0.642117146129,-0.167815372306,-0.451530720158,-0.285443871772,-0.295452730935,0.662552961348,-0.530508310686,-0.549348584561,-0.649663757847,-0.173598548277,0.0110431990062,0.370598623971,0.0196270427325,0.471254305376,0.508592027729,0.811074416193,-0.603397416153,0.120464434482,0.571893253326,0.511139939328,-0.105209448788,-0.0326187063971,-0.572884449759,0.0242453463964,0.125283729097,0.0318756518764,0.295556933044,0.865014844384,0.237958408762,0.147569993839,-0.0354333141019,0.33881439506,-0.573010464806,-0.133681707785,0.606160606532,-0.142093944524,0.0928223424377,0.607547526158,-0.0719930048339,0.155590527238,-0.192007578666,0.144258864312,-0.366845227279,-0.125853077025,-0.387789059561,0.268282123769,0.313741791874,0.654962428353,0.0689842509551,0.638080163608,0.0929506885648,-0.318428562814,0.484773413911,0.557566991568,0.183436019895,0.368314317665,0.295775332446,0.502980838083,0.701680190937,-0.097711633723,0.361388140046,-0.357106248367,-0.0651101458096,0.789845438447,0.368742202746,0.0270223260118,-0.701526703189,0.336012815556,-0.385012454477,-0.115572334867,0.648902999748,-0.418306163856,0.0518933534078,0.247076174911,-0.179317458736,-0.796777108588,0.0876971767997,0.473773678217,-0.488510080958,0.361822333759,0.360107670606,0.655589713289,-0.307049135926,0.517230300369,-0.504616271094,-0.196607883457,-0.43996475225,0.0674925460118,0.10008982224,0.262400753337,-0.0334208053593,0.0861299749238,0.59272023906,-0.144879980077,-0.11520720611,0.185647853355,-0.190402101206,0.319364467223,-0.084304340419,0.512171387893,0.16518025992,0.345648099937
0.40251754499,-0.134204441896,-0.473528155008,-0.0472752988284,-0.0581429610775,0.380367485029,0.859098720251,0.162004145961,0.328195511606,0.127568857711,-0.528044229247,-0.024490408169,0.19351669716,0.05982202461,-0.071640236845,0.248832273612,-0.252262177962,0.851499679497,-0.300842025017,-0.252388480072,0.097169992286,0.186103540061,-0.133254117151,-0.377510736782,0.336040221432,0.203975579159,0.333497781953,-0.249405384402,-0.353479467096,-0.676361555462,0.0362972843334,0.459188831848,-0.578456634655,0.14778329097,0.0800679149988,-0.4112498922,-0.874859668755,2.10695031628e-05,0.221786356926,0.936304339451,0.736491756122,0.272511713511,0.0445910678423,0.536513707262,-0.673224713535,0.353150606895,0.0522770562398,-0.176639865335,0.43076143436,-0.0520717852437,0.293818208375,-0.0117319839753,0.0237779594194,-0.429847281504,0.0722405042422,-0.136273551373,-0.323348306411,0.380731245556,0.12285159267,0.352264337003,0.345551840625,0.806826098711,-0.145006872707,-0.179128115295,-0.541619328966,0.188727308861,0.465564031401,0.456437821086,-1.0,0.162179133385,0.527458302397,0.100859097087,-0.488165019072,0.433183691125,-0.00390902683405,0.311718546186,0.315203302144,-0.277545029653,-0.0237398053424,-0.259171939919,-0.290577336813,-0.331001359557,0.221716711003,-0.276862429681,0.376928093447,0.0941874099746,0.158941258224,0.201734945313,0.062410475416,0.246523476198,-0.422705789894,0.0741250641589,-0.167119835456,0.334733902489,-0.186947584083,0.258685989035,0.292762288194,0.293989904518,0.419131348343,0.197540601707,0.0911162197576,0.386338589962,0.280666133942,0.165595850017,-0.305845627195,-0.318902124116,-0.275407648856,-0.668147388226,-0.0376625055642,-0.301488765681,0.122353953988,0.0176821703248,0.413102932735,0.485679479224,-0.133353030065,0.203659331918,0.497600634547,-0.207016015011,-0.239537145151,0.275571884586,-0.373518127291,-0.818586238289,0.211517785458,-0.562489527744,0.301456932391,0.595592383006,0.157766481639,-0.0825330437197,0.123144701311,-0.267261729866,-0.442965010364,0.152382366423,0.14030746304,-0.185784462965,-0.214330626282,-0.148331513299,-0.0246785820461,-0.271600170392,-0.426905536848,0.457961737716,0.566906542456,-0.617671161004,0.00138879112316,-0.0098757467187,-0.185227456063,-0.0794613755803,0.0134071874681,0.236346752501,-0.181075919473,-0.032665132232,-0.409784325692,0.327556015085,0.176694772545,-0.0069783116018,-0.181172121199,0.140392417278,-0.47526885001,0.00316843343924,-0.471535098042,0.0799833204018,0.800194768034,0.310692269277,-0.282030656028,0.0748777442736,-0.0505625639979,0.176564666384,-0.00239664279699,0.566881271944,0.247392593335,0.207867935624,0.0306121415114,0.646750416898,-0.187803060153,-0.294673014478,-0.0937168200959,-0.270635024923,-0.226508393173,0.261083311881,-0.463685803653,0.476592182499,0.271177639197,0.297244463769,-0.462869326285,-0.374410276006,0.337660476159,0.606556878661,0.314178680713,-0.162320487982,0.187478204908,-0.311718671094,0.251499324389,-0.100529436179,-0.276960444628,0.133780230494,0.245520889939,0.221907624688,0.265006147849,0.281328448766,0.207859031781,0.0636161801637
0.439442293191,-0.14891815052,-0.279019186115,-0.157409652275,-0.118722099142,0.458672245774,0.847815775457,0.231022716022,0.386771176954,-0.323993380369,-0.701606579913,-0.0988862592039,0.148493328196,0.440462368245,-0.221962053736,0.153222905205,-0.24685239967,0.802557819728,-0.238951975015,-0.371062141028,-0.35402021295,0.310915157616,-0.0372838122398,-0.462349785754,0.24451323794,0.699175477843,0.386472542341,-0.659496195437,-0.787488025349,-0.894874131134,0.0408473392823,0.444988502707,-0.861845143129,0.220598595806,0.160348475808,-0.142016284571,-1.0,0.287465591873,0.253570775173,0.610548068193,0.656057704175,0.425983517015,0.0480447419452,0.151472164046,-0.561319409279,0.187360715145,0.019763127606,0.335176577645,0.472028409897,0.19732103544,0.590037000846,0.174627392459,-0.115259352628,-0.0262328825483,0.523723381761,-0.191366902421,0.00742891319948,0.369224008758,0.176248520542,0.122143279911,0.405885802587,0.551636115675,0.192860503108,-0.033970260066,-0.347162428811,-0.0623113291974,0.12067444174,-0.262152152744,-0.611130545151,-0.203954799766,0.384906797712,0.240644887016,-0.206413870807,0.161338104025,-0.0738013358693,0.236953892433,0.132018416375,-0.107214527897,0.182078159154,-0.238323991782,-0.205924973721,-0.00175095441562,0.206017398598,-0.0167723086603,0.189327294896,0.277800848223,0.243725390167,0.266017569143,-0.00493267178924,0.394097460271,-0.37607157771,-0.0331456911407,0.080979185073,0.155814878242,-0.377674452407,0.537262036191,0.204587837646,0.279576110769,0.0887218854821,0.121271478167,0.234856380541,0.448650576191,0.152213129982,-0.0798159017787,-0.0417261653381,0.057299009439,-0.0700349292094,-0.291504753172,0.0881212317223,-0.0919650350261,0.163773996338,0.0644168200093,0.303879599715,0.188933216764,0.162422668514,0.221833646516,0.0842589447742,-0.135573129037,-0.300224021707,0.36514425796,-0.0216954030781,-0.553699965921,0.272396500732,-0.619116161561,0.580402855307,0.241793455431,0.113951045535,0.055989069097,0.18175046327,0.143993665705,-0.8484849321,0.198596389053,-0.0612944794847,-0.331292611444,-0.117373768925,-0.249685357966,0.0861792352348,-0.564429125704,-0.48316593388,0.626058371694,0.636838627912,-0.40210682993,0.171535522991,-0.009968300231,-0.296452207201,0.11040761774,0.324793516588,0.080767082055,-0.0875320129661,0.0279924764994,-0.428446712998,0.27027919489,-0.171562314621,0.16850444478,-0.344304241209,0.0358843769872,-0.337485763661,0.161239806493,-0.583126466988,-0.0855816931412,0.474998295607,0.20638126858,-0.00872726978094,0.206505985823,-0.160372854824,-0.196552550058,-0.0937379451968,0.812382568929,0.684384306419,0.155266308878,0.103664501775,0.423727546304,-0.134563527302,-0.483334387166,0.0492950127259,0.183662455492,-0.0193866624262,0.572327155812,-0.411229205203,0.477558986466,0.387270099215,0.0414975067228,-0.588729686409,-0.259664865374,-0.148910884744,0.277068290302,0.42283910488,-0.275702176432,0.0837814253271,-0.131247342329,0.228336220572,-0.10156311174,-0.505892228408,-0.0246948647684,0.0939710139075,0.329457719749,-0.032124520011,0.335611346423,0.400727224893,-0.0439841321628
0.43249133155,-0.165338881203,-0.383092383541,0.0141474990212,-0.14692494653,0.10536405861,0.513358247214,0.606047746105,0.528267876544,0.259946762153,-0.395282880784,-0.0950879167028,0.459030121753,0.263486764949,-0.148613780275,0.171167889502,-0.0278796904672,0.682540541314,-0.231578953839,-0.377798636737,-0.296362727853,0.0623134636461,-0.085259168004,-0.378162381487,0.193918192891,0.353033171401,0.191516289141,-0.183829545805,-0.334238579944,-0.262440985847,0.0373219469195,0.126964892098,-0.810384102051,0.260722393786,0.189944176069,-0.224176026176,-0.774630970925,0.171568803507,0.0242042557073,0.359714183499,0.332273047485,0.13216056009,-0.374359047684,0.162957150462,-0.779123181417,0.145260020557,-0.114147641155,-0.00936458776012,0.314847822962,-0.00254514488587,0.586509720919,0.0873363391778,0.010070200882,-0.273090188698,0.252226942091,-0.243355287263,0.237763950595,0.390938854036,0.119805426569,0.0248763767827,0.530392059575,0.492909918353,0.0524532591844,0.0771196559177,-0.217102126493,0.0600942037634,-0.105014339407,0.040723202512,-0.447704854903,-0.00314478275235,0.109515789402,0.071568537076,-0.275289679891,-0.04345679422,-0.0120048211581,0.0486969321431,0.364841271012,0.116215302888,0.589854746868,-0.240703531746,-0.294240578956,0.472617996428,0.260032185567,0.197452660183,0.265313208775,0.0721201780951,0.139592262016,-0.00677499695872,0.0188549461491,0.0532562396156,-0.0120464397513,-0.152103682446,-0.0472802141604,0.434325479193,0.140919830036,-0.356475256147,-0.179975742679,-0.0238826726436,0.0189204760202,0.250244493821,0.0552854257591,0.152499253382,0.351483316752,-0.109360971605,0.00157505352981,-0.237596026969,0.188190602961,-0.81831892461,-0.058887690261,0.17459331415,0.469158610118,-0.303518775426,0.261624576078,0.326182049458,0.114350377108,-0.16624297712,0.582162315496,-0.542684633065,-0.0354149080609,0.305785467728,0.027436143072,-0.365368790571,-0.0854033985092,-0.187491328381,0.132118360437,0.53753478272,0.413148271864,-0.284120091084,-0.00290140569896,-0.293450153284,-0.0703439500965,0.211034477779,0.257706437465,-0.463744196081,-0.13102301134,0.589550773968,-0.0545487827437,0.273314960584,-0.454816845092,0.241029503149,1.0,-0.450492403756,0.177790934132,0.286136913065,0.098771466158,0.118836985482,0.0470085943109,0.524108116647,-0.211503632054,0.152104014191,-0.0397864903851,0.230191248262,0.237361802034,0.0165349947066,-0.0648100060457,0.121763812396,-0.342136176243,0.0540025951444,-0.782918444691,-0.0543713008753,0.342120825839,0.00122230905092,-0.0620686615835,0.420159689243,0.0718797110991,0.25005118908,-0.172394611065,0.36164122675,0.116009562519,0.216165245374,0.192640807499,0.416347079286,-0.00455240391372,-0.23716483062,0.0013906455343,-0.257207810017,-0.00233656665904,0.0199724692334,-0.314520059566,0.204301995938,0.280907407044,-0.0628842267248,-0.458599768823,-0.0484529822645,-0.0729522416724,0.32864126387,0.541561930621,0.253591177181,0.169281327351,-0.282097795619,0.250105184437,-0.108652839218,-0.265989576429,0.216003977445,0.0588325601062,0.143670587104,0.207568387165,0.0550595288136,0.107154038171,-0.0209889859585
0.462990213123,-0.276211893391,-0.396999953428,-0.0269611430905,-0.135234215922,0.197637071725,0.718709503619,0.700382536202,0.525447747567,0.185887963618,-0.565195684057,-0.117521262349,0.285949154125,0.334518137299,-0.311099589101,0.208696593215,-0.109607541092,0.914474738778,-0.276465780167,-0.484731115991,-0.233888532985,0.155985386618,-0.166711130503,-0.632539927364,0.572787309081,0.677694512204,0.487255420393,-0.363627647197,-0.546158068768,-0.69945163625,0.0992033128598,0.306058143747,-1.0,0.259314136546,0.205622823718,-0.16135899925,-0.95356153389,0.319414575032,0.327801165209,0.438836267509,0.67665066935,0.248546416081,-0.599826832786,0.234001677108,-0.782085444,0.162134583054,-0.156694679371,0.00756294555836,0.218388659065,-0.0320518334259,0.806014920933,0.118895280565,-0.139461890656,-0.178276944814,0.578162314861,-0.123981712929,-0.0390628137202,0.670248703577,0.239327318478,0.0913770657947,0.513026421228,0.700742521344,0.236411159841,0.0892154442615,-0.177857478747,0.0595438701666,-0.22675623066,-0.19384229631,-0.702740989341,-0.16435757675,0.346930406875,0.0161913305679,-0.364083989328,0.159767288102,-0.20399698253,0.188683786545,0.24278692767,-0.00787444957019,0.365885441132,-0.284291281464,-0.211294501146,0.429758444041,0.263553792669,0.327979499894,0.355569079555,0.277665447426,0.344811560815,0.155795014388,0.021420548078,0.269772902026,-0.169628285744,-0.0277675269687,-0.0910021679302,0.566342053571,-0.175029379239,0.0761611568387,0.035586101715,0.0350326409106,0.102341522663,0.258807683704,0.176892461138,0.482697667201,0.366204142252,-0.226046376679,0.191964684873,-0.166765403796,0.065881219625,-0.67763111056,-0.349859980465,0.00207495518422,0.367136859448,-0.169866162966,0.331516209395,0.508148325499,0.0565600291803,0.289362296537,0.395121669061,-0.335885118826,-0.0738168555728,0.503418779217,-0.0894456103056,-0.730965295679,0.194966077481,-0.509264272156,0.41453497433,0.559412165684,0.298918549627,-0.121421639698,0.0262517483488,-0.0117906501072,-0.725048735878,0.368075844404,-0.160327101506,-0.628346038084,-0.288403853752,0.438575738095,0.236252148067,-0.279375386418,-0.543650008017,0.618711424718,0.642082461769,-0.404482504096,0.130488202646,0.288493097578,-0.0649322737647,0.0473384616171,0.302190709624,0.358972226239,-0.103128945805,0.247043814814,-0.210582475727,0.5307231007,0.0229116118185,-0.0855223573869,-0.471208770217,0.0126338071946,-0.404552346239,0.254419985419,-0.715859212556,-0.171800819727,0.469326543854,0.00870791076604,0.107981760666,0.398296001791,-0.0402085998892,0.113883161499,-0.151860757427,0.94420864022,0.14681950946,0.303789744523,-0.027839148186,0.464678713216,-0.127315731527,-0.299578170537,-0.105081607556,-0.237001515146,-0.195384251428,0.248735590101,-0.711415150522,0.248153833753,0.416802755802,-0.464014247122,-0.712710843135,-0.456663676925,0.000302287568916,0.294443760857,0.379779776703,-0.0345805751283,0.169253357987,-0.180045028002,0.310763142624,-0.180172774178,-0.528973214731,0.152747649234,0.224564377658,0.200042798934,0.408280023883,0.149933025604,0.354523722288,-0.301963319587
0.490326835013,-0.060032091099,-0.325718655752,-0.0062121468302,-0.369899084885,0.244360919952,0.561027520241,0.270650478428,0.479229156967,-0.365632694342,-0.42601138587,0.0537531245603,0.491440207726,0.143426809427,-0.185615436141,0.462657262493,-0.136036681331,0.775882648075,0.026233597924,-0.229666546377,-0.113749034048,0.0169306552813,-0.142380491565,-0.512648505986,0.30804424891,0.665985090846,0.396104925821,-0.323120225785,-0.275294630964,-0.174348650696,-0.204574580277,-0.149197232724,-0.599518435707,0.2654396735,0.517340343716,-0.416619047865,-0.753203021042,0.294835540821,0.19998966702,0.314288087057,0.298425916505,0.459057011632,-0.1138814042,0.242462259587,-0.734561111158,0.157015338052,-0.108308218264,0.302524239172,0.333974530214,0.161541478851,0.654543545896,0.211814133449,-0.213908510476,0.0500534888506,0.552455300964,-0.215488529056,0.334329947079,0.397416648861,0.177368073204,-0.0799133945103,0.741557847086,0.397570641093,0.237553920086,0.275033350137,0.031647573464,-0.248050575228,-0.137782276077,-0.372486970019,-0.327999067265,-0.00814765611864,0.101268475473,0.357711806491,0.173565484014,-0.178048639252,-0.022552652653,0.31747621401,0.000658351529171,0.0848524537088,0.288907541515,-0.241877340817,-0.0344647022329,0.390230931904,0.164341120828,0.292517154538,0.415515233938,0.330325092081,0.0502133077063,0.346278386099,-0.200345947308,0.0680191307394,-0.161483088999,0.0721382204166,-0.052399439139,0.310933912738,-0.167321727094,-0.0975286703239,-0.354096311879,0.00234687869984,-0.190130146109,0.274809210907,0.0708732776817,0.101054334749,-0.0238224624736,-0.351753490181,0.128474151699,-0.0495193235745,0.262755028301,-0.280637657977,0.146061045298,-0.0504200231128,0.223216649313,-0.133302817835,-0.0999242341945,0.227140013622,0.0324601543917,-0.079522515444,0.273301646249,-0.346679953667,0.251382341106,0.0970901404359,-0.137772798638,-0.273807062925,-0.00548157033088,-0.264534892168,0.319789608289,0.333717627252,0.133623783207,0.0762792697021,0.108511216757,-0.365206287269,-0.362102309666,0.545659895089,0.195483752311,-0.465603916888,-0.160236461442,0.445203304829,-0.0483329995859,-0.112172315497,-0.394681728017,0.153902662107,1.0,-0.236283368543,0.291633239923,0.400042341697,-0.161761472473,0.452211572023,0.0923804380568,0.377401749512,0.124216581774,-0.12968353522,0.15908496374,0.116933607718,0.11857780185,-0.181701739588,-0.185625986732,0.165207132432,-0.0753179982088,0.0897684091571,-0.713487905446,-0.222939183259,0.0997366862443,0.0697097205982,0.0864695372605,0.423157881029,-0.423038117315,-0.272615498821,-0.368989633297,0.401975356689,0.325809394557,0.0855443122225,-0.145132807501,0.177452876329,0.108763959113,-0.171772275,0.21905065348,-0.112016338373,-0.371731773895,0.174472027102,-0.320990917195,0.141455813455,0.271635589757,-0.130279060758,-0.262097953703,-0.218946167763,-0.221816996313,0.324786639523,0.449918548859,0.11226968176,0.102112720361,-0.0727053363214,0.172285639796,-0.251524792194,-0.354435925944,0.224522263054,0.284407239881,0.138373435848,0.188141979428,-0.00256084892005,0.312288932153,0.238420775508
0.342790345533,-0.122132372904,-0.320991881646,0.118394238605,-0.163990497463,0.0516007314951,0.40730440962,0.406180560665,0.164839320335,-0.176141347122,-0.196084633571,-0.120910274236,0.192801161398,0.440183014475,-0.176740554146,0.132334615803,0.0404710474713,0.321219390148,-0.265529233529,-0.317934085421,-0.168001272376,0.0637548126392,-0.0163682451061,-0.147480816131,0.0898745339725,0.133256230252,0.105299141532,-0.0650639583595,-0.369671989285,-0.268947393218,-0.0452408023712,0.072581022424,-1.0,0.227858430715,-0.0200202919344,0.145033343743,-0.413741920088,0.281756091211,-0.0588386514587,0.138619641063,0.357423496252,0.0289222445281,-0.459901681354,-0.106588985885,-0.126763263003,-0.124461031062,0.0729884309037,0.0847774208103,0.29137865195,-0.0172403885692,0.255864499911,-0.0848049426302,0.135969806272,0.00238779030081,0.234164467278,-0.380940121698,-0.000939829803007,0.0716367444282,-0.0320877744321,-0.242248523163,0.164380752929,0.00950107422114,0.155283673798,0.234002845987,-0.170814836514,0.119184220409,-0.20433583686,-0.160708429352,-0.141708189075,-0.0358293493513,0.0333416802544,-0.0137944428204,-0.154915694829,-0.0363039297109,0.00439220416719,0.170907157561,-0.219437130087,0.0596969115574,0.381643663717,-0.360831784071,0.0472443408938,0.637917020302,0.255695913553,0.3375725105,-0.00609079198364,0.31419880257,0.320217461039,-0.158892495976,0.084517668074,-0.0159171910547,0.15644526812,-0.130027170527,0.10931296225,0.108590645275,0.0488685350922,-0.134985385681,-0.257369698175,-0.186008404532,-0.184913474185,0.0198231289636,0.0137719980801,0.0793512923956,0.279937988022,-0.270588891532,0.18196476021,-0.105528070909,0.153823545217,-0.103092995703,-0.252421779844,0.272997539579,0.459424009028,-0.150026027666,-0.0927163923044,0.234125948914,0.311829972732,-0.0190446292526,-0.00561023484982,-0.2953850882,-0.221550253776,0.261549359824,0.302611395101,0.0628620385991,-0.242919469996,-0.18925570253,0.176971085206,0.247714866983,0.380639542093,-0.133561757053,0.00177245845877,0.0718887705401,-0.0389622301431,-0.0839692700109,0.393964092802,-0.329804711617,-0.0407423992941,0.642850438222,0.105541389446,0.237914869639,-0.303405999886,-0.00552175885528,0.301357198867,-0.0322541317583,0.235046965031,0.0872044280788,-0.120492166874,-0.0365234626447,0.0544544070157,0.228057702219,-0.047522206937,0.0190487734557,0.256538416357,-0.0447082622673,-0.125610161272,0.261287091235,0.520887035149,0.0246499899466,-0.0651586543165,0.161135605054,-0.129681096468,-0.293228645972,0.0324595644721,0.0281069382586,0.00355444245446,0.248496214245,-0.00216910020415,-0.0345855407743,-0.00683016515163,0.130803473037,0.105945442284,0.0766126376084,0.0581782005019,0.245799177255,0.178370022517,-0.335345334427,0.215989413505,0.199472847735,-0.00623824204944,0.223311933121,0.128171579522,-0.0817151009706,0.144958764608,-0.0705205182861,-0.120299871158,0.464841241324,-0.390082972924,-0.803954609735,0.178000371714,0.331640279585,-0.0218364845187,-0.141681525068,0.0265861039051,-0.00984108474356,-0.0195894455673,0.0201093380021,-0.250476309119,-0.0927544812979,0.323389786062,0.158291158551,-0.00873387653499,0.202603414458
0.474966718504,-0.0993453134872,-0.205740198775,-0.25746623321,-0.230404016501,0.442184743409,0.780780461319,0.446979409346,0.514332927761,-0.28993388504,-0.569409918484,-0.0496056188951,0.37088343139,0.287007838802,-0.353057358075,0.143974827428,0.0091788440985,0.832807424007,-0.196451352625,-0.343952402429,-0.269845640155,0.142113232751,-0.148339783515,-0.44096557884,0.196795182014,0.620734523017,0.409212236002,-0.469824259393,-0.461960459599,-0.666542580946,-0.137371182924,0.255523630195,-0.22427648394,0.286486665835,0.152909320183,-0.0985918299891,-1.0,0.24722483753,0.374078242712,0.736433863877,0.604304363278,0.148209984203,0.125079982663,0.30847795852,-0.529373082623,0.344393816596,-0.0396983924478,0.236429889477,0.350202613321,0.219741805717,0.482780261955,0.145324834992,-0.0611011855925,-0.0333634471202,0.520130090351,-0.0644705125897,-0.0861967839934,0.395047118487,0.152623125807,-0.00694275137631,0.196441491321,0.692416224949,0.177922426662,0.00766385831167,-0.38463663522,-0.123105808405,0.306768470524,-0.216927240186,-0.456086901384,0.108647585585,0.683465984509,0.268351407434,-0.0793340771159,0.301051521111,0.0556660004436,0.393525249867,0.075986204169,-0.201610565451,-0.0430908848895,-0.214944295158,-0.0936618208858,0.0632005397755,0.0284952770499,0.162772527246,0.422789772047,0.231655342997,0.126415220083,0.268015865713,-0.219112408168,0.15479428847,-0.269694078431,0.0855697279331,-0.103248228015,0.310633729275,-0.374229546154,0.196769026096,-0.0341219471912,0.214528951534,0.0862141179401,0.148925641129,-0.181261696819,0.290252098453,0.123081269841,-0.12703257998,0.108405536109,0.0372902141078,0.0944816719065,-0.358610829552,0.163665225018,-0.110768728356,-0.113517158505,-0.0022794165878,0.0462650280327,0.149016248794,-0.0130678554611,0.052306566663,-0.00212845812921,0.15493678946,-0.0060796565225,0.271477964734,-0.255997648448,-0.453462143608,0.364314469545,-0.519188272277,0.394393456912,0.172199981155,0.0633954248274,-0.0843896479212,0.351063223431,0.0101682775461,-0.648296105036,0.32693459901,-0.168563943808,-0.327224282294,-0.165992547141,-0.174899080076,0.166825800842,-0.578406952596,-0.344034578554,0.473097002346,0.71232932241,-0.487499111655,0.191039546617,0.119279254162,-0.0983491991012,0.233310887666,0.0901416321401,0.158558815664,0.139588358345,-0.0334287202892,-0.0900414930686,0.563751081864,-0.138396896095,0.0630557259136,-0.448282928867,0.0938993262124,-0.0589823910001,0.394807892605,-0.505644882876,-0.120066343019,0.2968990005,0.0840074638249,0.0588198356815,0.100185526066,-0.188336525794,-0.143189862308,-0.386737247962,0.483927954578,0.42457769087,0.18192278578,-0.0685927183505,0.359139985389,-0.111476228736,-0.338146939958,-0.363802589308,-0.00584822947473,-0.102091163897,0.4196135934,-0.44845433414,0.648643936455,0.0714200056922,-0.170629148835,-0.432486974073,-0.363991655917,-0.219914402378,0.278917643767,0.282960965627,-0.0737206521362,0.0987630448051,-0.255023435116,0.318852772884,-0.371379329559,-0.258573274678,-0.0291620627499,-0.00683230802284,0.423519465591,-0.156797485618,0.432936892311,0.609255484994,0.079434603561
0.313454660036,-0.137339809613,-0.232519385872,0.318762823578,-0.182925850105,0.0697158860405,0.304117980191,0.202480195943,-0.0395637461122,-0.132772858959,0.0215965450237,-0.0887260172824,-0.057113171374,0.128322459472,-0.059110878481,0.217896715858,0.0806031040263,0.216074355587,-0.0357400010128,-0.161613504598,-0.231196343769,0.16081624334,-0.0707618823881,-0.36066223253,0.105851999843,0.587270609637,0.318879385456,-0.161011747864,-0.0593125654329,-0.00791101102176,0.10653289134,-0.298545025181,-0.98387870458,0.36559250631,0.571646107601,-0.132407467904,-0.493743898251,0.152892579321,0.175150712781,0.0349669103765,0.151982457401,0.0960650519441,-0.233752944678,0.223724708441,-0.402620285777,-0.0703071666858,-0.15350297596,0.205928743305,0.155381059449,-0.0701126781619,0.236111629883,-0.0311484641392,-0.0296471190816,-0.18909449386,0.360788828676,-0.115310434237,-0.122472281977,0.160648708956,-0.144460377752,-0.100780912373,0.651895575214,0.0794631796187,-0.188229897601,0.143727209201,-0.18086069961,-0.289257972403,0.0683139003065,-0.203799928543,0.0808009410996,0.039477198884,0.0765160099744,0.0379773038393,0.0838016925909,0.0049008371631,-0.0841778625847,0.116173799246,-0.0620152174833,0.0336476205081,-0.021457721819,-0.501028984962,-0.295778096073,0.245155680193,0.0711096128079,0.0521208121603,0.186085684889,-0.15041650858,-0.100128946891,-0.163006243325,-0.0348184877025,0.12266765154,-0.0178674257476,0.237532697832,-0.00968550569195,0.146145596553,0.112413984013,0.252339601951,0.0576050272081,0.14323806615,-0.13889797983,-0.165177583061,0.189723291185,0.0473750125158,0.130619402177,0.261376287927,-0.227883115429,-0.00730687343168,-0.0632817841057,0.379532248433,0.216085401209,0.348748355392,0.174275445264,-0.116402365141,-0.116914511163,0.266365299216,0.0282957901096,-0.174538925716,0.32472638579,-0.150573177596,-0.60574719667,-0.0406502934534,-0.0942821638442,0.323756513355,0.056334697831,-0.252980771673,0.0847628804827,0.205061038773,0.148861975545,0.00975716747505,0.0255255474063,-0.0181302595058,0.0124788327265,0.149214221844,0.116329455803,-0.287302678538,-0.24747899489,0.511060640938,0.334590438484,-0.31205909642,-0.342413539437,0.212127151591,1.0,-0.187780122789,0.36479368168,0.0530346739218,-0.19353604814,0.0992283451382,-0.00135290498564,0.524083290493,-0.115920212992,0.00888469402008,0.116564015993,-0.381350808528,-0.0195422332887,-0.0219498057921,0.126124651642,0.0340289360211,-0.2359485341,-0.0152478273189,-0.21145547614,-0.159867599336,0.371701753341,-0.099913435757,0.110652892694,0.382927421905,-0.0246542739941,-0.0832828077029,0.0106225306981,0.379997871474,-0.02524501619,-0.197171875756,-0.353206934414,0.251193482023,-0.106286142307,-0.470435859918,0.255925575464,0.165246446849,-0.231176489352,0.177751581705,-0.0701761914267,0.0996809220897,0.172013007118,-0.231299523026,-0.381844622265,-0.0516441577315,-0.251950578774,0.0842944890748,0.546509293149,0.144470395474,-0.0402034505358,-0.17665069557,0.146096546572,0.161200131519,-0.156306712135,0.325546226873,0.161046362558,-0.200403566634,0.142451310807,-0.194641129132,-0.0116544555991,0.253542175487
0.383133455854,-0.273450720046,-0.271334084497,0.37276639909,-0.266173793502,-0.169527598161,0.193733709586,0.684392064662,0.425368723093,-0.16156196904,-0.0962176276943,-0.180591704022,0.373116225773,0.607867658049,-0.189347043842,0.159765132325,0.0603987204812,0.188974137735,-0.281350369636,-0.489589064967,-0.368714268694,-0.0595236893452,-0.0851335217186,-0.445766441651,0.33780934139,0.222119625533,-0.0476951063514,0.00582518071659,-0.00349667402127,-0.171760492249,0.208700320237,-0.185378716723,-1.0,-0.165457365252,0.040717988084,-0.265708189169,-0.314776284057,0.282082341935,0.139353244084,-0.0455384681498,0.567782335306,0.177569228118,-0.483212076356,0.149908718244,-0.0678492054832,0.0846636976271,-0.0599460669196,0.166684205625,-0.160400041754,-0.29943017696,0.38579779332,0.0572452788283,-0.0418044429293,-0.0830509308616,0.082159377237,-0.111573592395,-0.164919230497,0.0983430461997,-0.0209701321953,0.295575581401,0.262571342678,0.00671026206122,-0.189421017769,0.20170463751,-0.240499600742,0.151934511761,-0.0963980638641,0.136788035197,0.0656693747707,0.129296150176,0.0419045016885,-0.12665178182,-0.199449825084,-0.0919067236822,-0.247134549367,-0.126272789273,0.154466378721,0.247369269674,0.167791948525,-0.230688413444,-0.326172558459,0.606444621139,0.0307650273537,-0.0618575960013,0.243530879317,0.0249482268886,0.0292474031466,-0.00457888124204,0.284022756303,-0.0208848268388,0.225995924975,0.0273275778061,-0.2535285644,0.2488793402,-0.0645351854477,-0.0855110629394,0.0814794775519,0.230743984059,0.0412907123216,-0.018064605667,-0.243811617642,-0.206861640247,0.246708794491,-0.234464245371,-0.0608443987419,-0.0152358398708,0.0304505575522,-0.154695947163,0.489560852081,-0.131620641491,0.00509668587168,-0.121527395552,0.267821945078,0.0822550118098,-0.104654511821,-0.150502281069,0.429137864768,-0.405338938161,0.478597311569,0.259151555615,-0.024142292084,0.0109261605267,0.00646681376562,-0.304958287891,-0.18101156979,0.354158600991,0.233123673101,0.139317215529,-0.0735673251474,-0.201517884111,-0.0898027945052,-0.282618021389,0.125969638145,-0.126601109379,-0.450996663508,0.519679209452,0.217027879856,-0.161305555396,-0.243078501511,-0.075442622208,0.792977344666,-0.126739925352,0.430458269003,-0.00292172944005,-0.153490053748,0.183825505841,0.106484271393,0.0562923364794,-0.0984758888934,-0.120320957503,0.373871287833,0.141813143878,-0.0780236884066,0.308694492612,0.0815657403403,0.26974640383,-0.118120879512,-0.0720299215204,-0.248786741393,0.0991213251414,0.423111348621,-0.0100574010453,-0.0726115439197,0.259541045962,-0.173304421833,-0.0617318947651,0.359487923783,0.182818458591,0.177767945061,-0.207568572933,-0.0700153610851,0.185446141305,-0.241995957878,-0.216457774397,0.237471225726,0.280039816672,0.0854727338269,0.458388091442,0.0276728162575,-0.169581753178,0.0524558677256,0.291826828977,-0.0193473787453,-0.149660408887,-0.387935343352,0.479364006424,0.365189204603,-0.01531545247,-0.426600724628,-0.158414781023,0.278092183049,0.393783884243,-0.154916033981,-0.0396685554909,0.047213228149,-0.322844872043,-0.162782105644,-0.280433260717,-0.275516096363,0.165060411281
0.459249110777,-0.29577010432,-0.398969065719,0.0683103551014,-0.193902685896,0.103372382359,0.728732209761,0.942855934152,0.457796530708,0.255787124288,-0.300618972193,-0.0836538026321,0.471554443562,0.0634385565472,-0.165225196538,0.268061979012,-0.123144221023,1.0,-0.123184611357,-0.384987214896,-0.257515797603,0.104821543054,-0.101830039935,-0.543851251942,0.495717888971,0.585341904844,0.436596433257,-0.321887353067,-0.492104824678,-0.362105789764,0.152551118454,0.324470350836,-0.859721236804,0.269843330995,0.216431512011,-0.238033021971,-0.689900741914,0.27668036453,0.166929553506,0.181026023,0.23611085844,0.308654396542,-0.477255480162,0.187237895649,-0.957291876084,0.265584289676,-0.235959828015,-0.091272894768,0.230861674006,0.129586471901,0.591345576183,0.036347572772,0.167309538988,-0.193763712318,0.622006018221,-0.152783030065,-0.104939949172,0.417443260872,-0.0765659101185,-0.0562234888957,0.828749841871,0.425147840013,0.32336102987,0.502038840362,-0.12167814922,0.212596131449,-0.373873165809,-0.253335324912,-0.484993618901,-0.0662684298773,0.505881562458,0.0299828666789,-0.13275818422,-0.174297324937,-0.017343608022,0.248027830596,0.362555036328,0.110867720843,0.489448368915,-0.589511253053,-0.526890596976,0.589695200383,0.178771258003,0.242145451369,0.340910860295,0.154010539194,-0.0605667201647,0.18818643303,-0.14728995362,0.0971325521107,0.0163376231755,0.0380932562225,-0.0725600606478,0.314645216908,0.00406110786865,-0.168951249456,-0.117676361337,-0.103864760762,-0.0439500915534,-0.0663074545956,-0.0632655941775,0.175526347864,0.301958579528,-0.0578248633502,0.136099005499,-0.0989744338832,0.179807881055,-0.526923841136,-0.013695693547,0.172380748193,0.237206062284,-0.388068789575,0.101975732251,0.422177122008,0.102976795971,-0.174233808159,0.423882107355,-0.472847227367,0.102931071245,0.317246806774,-0.0403124916484,-0.455159182327,-0.25931738971,-0.364793471904,0.299142380289,0.444060812658,0.545917414358,-0.121643290427,0.0316519214566,-0.321752388274,-0.10763194637,0.215321487698,0.266411287252,-0.509354052217,-0.266238322689,0.627876419597,-0.0735264849855,-0.00658340018206,-0.249801934355,0.335665807724,0.841848524033,-0.298865503734,0.00235458563617,0.221916891166,-0.0338212361881,0.15463196872,0.206535313435,0.533622359581,-0.321316242777,0.127692135365,0.0833472227377,-0.0167757714939,0.250595125724,0.235369915909,0.153141859641,0.121712978755,-0.110356040192,-0.0236577803286,-0.464508813826,-0.155036057757,0.15543810164,0.140964174501,0.225698107259,0.392925004759,0.0546552936293,-0.030544054202,-0.291669984448,0.777465542925,0.189774568477,0.136497334739,0.211654326941,0.203377458903,0.268668095654,-0.374700284283,0.0179999472141,-0.0272832483704,-0.391167604646,0.0659341094571,-0.100349114844,0.207732134152,0.396508164577,0.241048067741,-0.316044587627,-0.219185061304,0.0588213560983,0.556250640133,0.546275253413,0.1827247645,0.308568834429,0.00714222075242,0.171237624048,-0.0984449814961,-0.564299941582,0.351459050266,0.222773959249,0.12570429557,0.283320136765,-0.0915876072883,0.110285239846,-0.0739227453604
0.432064911342,-0.187400847986,-0.309128941436,-0.0888476162435,-0.258249379048,0.383211385589,0.889000181048,0.542221981501,0.338143367593,-0.372016558422,-0.484499035714,0.0380540804793,0.365204103337,0.260773280793,-0.12488560922,0.46897535023,-0.308616303742,0.849448117243,-0.0895606797555,-0.345788477679,-0.301905250202,0.241098248214,-0.0414985548191,-0.527091387876,0.325925001485,0.685516022074,0.340914225146,-0.481143343339,-0.600721619977,-0.336637182493,-0.187582632732,0.14571841115,-0.676054439109,0.255710977319,0.405679824565,-0.261631401469,-0.752362194358,0.466964256691,0.143971919631,0.199127636153,0.173733328144,0.514920331831,-0.248405765184,0.0805189117044,-0.691919363873,0.172202589003,-0.0566927796386,0.134694417435,0.440769726666,0.206960695476,0.650209289609,0.100172119481,-0.00642813924601,-0.00318776823127,0.538910920617,-0.245254951276,0.243864410078,0.432004374615,0.107225512093,-0.169097044532,0.800857295341,0.440052268386,0.368995118054,0.0945604121737,-0.0568055156283,-0.112661063793,-0.29420174641,-0.567915026962,-0.340139369731,-0.112531411073,0.430104547533,0.446948433301,0.274474877719,-0.35091015436,-0.14562080629,0.259885773571,0.278856799681,-0.0710520478451,0.105217534064,-0.259060891107,-0.187974282696,0.253732597512,0.154792326675,0.11983314408,0.397517841057,0.362192775683,0.135866153514,0.424642683878,-0.12281226127,0.251845388543,-0.245991670333,-0.0369627575024,-0.00454086041197,0.320413253767,-0.226833862634,0.0369256525176,0.148289305711,0.136866736095,0.0241202349053,0.0271714545227,0.182008249645,0.10619387053,0.144604986875,-0.358222620351,0.0661334186697,0.124258252979,0.258134778495,-0.151091667592,0.458090986371,-0.153203826907,0.194677428686,-0.146626323275,-0.146461112836,0.251002839093,0.196112679214,-0.148608093766,0.0611914113703,-0.282831613322,0.0451383652456,0.309241851556,-0.0939248264621,-0.223795895526,0.124400918976,-0.466552121164,0.723950400359,0.393498983687,0.298846071944,0.264513536207,0.240718337246,-0.0756855894584,-0.797919908038,0.482323094204,0.0486689992948,-0.652405020126,-0.187701606474,0.17316870801,0.10599176924,-0.38850110652,-0.436702504248,0.665961510674,1.0,-0.468177960659,0.142770163265,0.193553525095,-0.188496768391,0.152785094207,0.0913776027683,0.39458920891,-0.0170706308076,-0.127341106697,-0.20728369923,0.164881469911,-0.153816554434,-0.105565367308,-0.203201543265,0.026809956033,-0.023776569768,0.3136012221,-0.263880129297,0.0468643403338,0.190222506472,0.223839849427,0.21212461804,0.38459099826,-0.287481125818,-0.162087355198,-0.242602743334,0.81926133299,0.388188022578,0.146152379413,-0.211270946485,0.327899079188,0.135711028318,-0.178558791748,-0.0272051643215,0.103531287411,-0.332923415984,0.406170293448,-0.399997652979,0.33028296218,0.512793452116,-0.171580911121,-0.258068102976,-0.319380585564,-0.266362339061,0.54160927324,0.393855104918,0.0855667205847,-0.0964103952498,-0.304382815417,0.25900689966,-0.309193341262,-0.0628898117856,0.0180359291816,0.290500122029,0.060709815518,-0.284796898977,-0.161427533529,0.628910281616,0.0666016752416
0.319414105306,-0.204182109049,-0.223452656475,0.392952546547,-0.335839125109,-0.318817478244,-0.0117292014204,0.646276255542,0.179607209837,-0.333576820602,0.1976309176,-0.19316009464,0.475224966113,0.0020525720153,0.0734992693374,-0.000926992841137,0.127124549108,0.34988202814,0.0873377138804,-0.174852576001,-0.246966353367,-0.225579681198,0.032673497932,-0.0968925190092,0.274470516927,0.0103753506841,0.193476916688,0.12157400784,-0.103706255866,-0.10294683487,0.27511373816,0.0713403905183,-1.0,0.567356155727,0.399589775139,0.18772705852,-0.62981789183,-0.0337478370511,0.193935845588,0.137461680266,0.640482977748,0.162555757143,0.127801023417,0.318449402902,0.0280108512008,-0.150538578868,0.0099655447316,0.305590182454,0.198274887176,-0.100510204409,0.278331550111,0.0139302729221,0.0610785526553,-0.0638639463715,0.130316695834,0.128575016143,0.126777200573,0.211770056936,-0.0992191321287,0.110705454588,0.7399429839,0.327537065414,-0.23712248973,-0.00460496587958,-0.14679793212,-0.0116704182995,-0.636923288036,-0.263732188494,0.165887567778,0.0738624584532,0.144163725718,-0.090618119369,0.0794817015875,-0.336586680648,0.0770291959828,-0.247873553144,-0.0178445095608,-0.073417973691,0.00439124529173,-0.0744329746336,-0.393061866342,0.773582116425,-0.503041515566,0.0310595105423,0.436803105808,0.0219150388779,-0.0553681390841,-0.180971115949,-0.276162833487,-0.187395197608,0.232007776326,-0.0577075532089,-0.0856999847255,-0.00191777213182,-0.0597144406705,0.217891895052,0.282714136505,0.229315479919,0.0617435660918,-0.0489646087508,0.231952513581,0.0137021779219,0.224023876107,0.126811581547,-0.245062285468,-0.0256274246238,-0.130378340685,0.334885127539,0.197678219075,-0.00437915624577,0.320486373619,-0.0779727212131,0.070916790071,0.38553047756,-0.0812623397642,-0.163888332015,0.464111344375,-0.313454889146,-0.0465962515614,-0.156116562348,-0.0131030142315,0.0986695042666,-0.284421686185,0.312827764927,0.114902419923,0.0522972212352,0.38125736354,0.112748537196,-0.0346188899547,-0.415249401357,0.283692819276,0.128111314987,0.269064406495,-0.214561543342,-0.328118168722,0.821283544339,0.279636921198,0.202735822536,-0.31359924513,0.163496557349,0.824933994929,-0.320472422418,0.158428150668,-0.0755143456024,-0.164272702459,0.0509186125209,0.279573575459,0.0661044445167,-0.201353965714,0.389872246347,0.268586348867,-0.00157615135723,0.1056743007,0.171537092987,-0.0707965364941,0.197170073183,-0.295074160795,-0.0721941906548,0.170490220398,-0.0949623221686,-0.137678376133,-0.281978758187,0.110473279747,0.34137384245,-0.227237757177,0.212317663973,0.0162400059901,0.0270165421249,0.0661840596419,-0.307264761897,0.0193454654975,-0.065465527299,-0.137489550801,-0.345717192024,0.248629725963,-0.0123716933157,0.291711702849,0.246928926162,0.15791756469,0.0417599558854,-0.315275736732,-0.42481278517,-0.161848725196,0.29390745993,-0.489950663382,-0.26225347816,0.0888705190834,0.517695400041,-0.141970123346,0.0822944311081,0.404022122849,0.270681453469,-0.407914992264,0.043668760832,-0.0848895339285,-0.134537896056,0.275735773269,-0.162949827365,-0.526148469375,0.266654541988
0.441534582189,-0.282487763691,-0.311262653992,-0.0242144634905,-0.352980158574,0.342037645297,0.919526154746,0.694212159377,0.254062153142,-0.361916244277,-0.32307059104,0.0398743019578,0.480085647679,0.1733570631,-0.225708679884,0.405290291947,-0.226641913716,1.0,-0.20593340123,-0.429855022707,-0.210329050763,0.259626606885,-0.0947783968113,-0.606635901943,0.502760919758,0.630755948221,0.360272450863,-0.414180774581,-0.542984501642,-0.322124545451,-0.0793504426985,0.190689554401,-0.529665621801,0.260180124512,0.266538988679,-0.205552214226,-0.801679352541,0.429162310002,0.288494931316,0.26492212805,0.272583760297,0.438542631121,-0.171877787511,0.168731877305,-0.643382076741,0.218553053655,-0.153462966374,0.0675096272351,0.251354355081,0.184984824818,0.679197203685,0.126995383621,0.0565931934458,-0.0559646066018,0.522780617216,-0.143354597969,0.08580685912,0.442089821124,-0.0299459200773,-0.19274591004,0.761269870709,0.526522719462,0.442201034421,0.190584377598,-0.168734918708,-0.0425961528976,-0.389028588518,-0.597381949892,-0.394999576131,-0.0143393349142,0.854703953371,0.22575698905,0.140851414725,-0.0500136541991,-0.0713877734732,0.428076599335,0.160857325071,-0.0145374395391,0.0301210244881,-0.403185838528,-0.13882967659,0.171996789065,0.12920472192,0.0469027235919,0.414818441416,0.311166572586,0.128930170119,0.324876581548,-0.0388232798704,0.473225118522,-0.105427607145,0.0966352389034,-0.0465629761585,0.354772036749,-0.505521629313,0.250221026443,0.379205223948,0.0354420853988,0.0157114881948,-0.173650836118,-0.190632658833,0.297284801546,0.143515936116,0.000619759128381,-0.0551445062186,0.226907927467,0.14353012189,-0.124973099964,0.53114658144,-0.306148903705,-0.0298281542896,-0.113667847479,-0.232675679987,0.087768523873,-0.0734160135335,0.0179729170896,0.016269448478,0.00972467835755,0.0782997822089,0.303976959366,-0.278989859218,-0.300257499447,0.332894153714,-0.697490418767,0.642859662647,0.521677729889,0.277389418127,-0.0912199953994,0.424190837742,0.000797964214185,-0.825717109536,0.36334753886,-0.207717540791,-0.557072025054,-0.257437187425,-0.186074630862,0.0814406759087,-0.587248732162,-0.411548287455,0.485672895812,0.79113224012,-0.443833287397,0.157019529345,0.292908330537,-0.0535767108494,0.158171533196,0.16440182651,0.193261653889,0.0850167834727,0.0118349286744,-0.269056651048,0.547651105071,-0.129661876598,-0.0120840719544,-0.291683265318,-0.062907619909,0.0559484543442,0.451221391553,-0.367340925488,0.296802433691,0.403215074605,0.2068345048,0.258720743613,0.460033390843,-0.27606663086,-0.020058861234,-0.453715140932,0.832945658664,0.169358925717,0.135352361118,-0.240482223749,0.238758570082,0.049924763027,-0.22812763844,-0.196755751845,-0.1083090476,-0.370438950002,0.228434458843,-0.474996338853,0.375774626963,0.449264690608,-0.364368961247,-0.247387947887,-0.364488562813,0.071131668684,0.846187740936,0.357885510809,-0.0181281404718,0.0449229170585,-0.143813488874,0.335172562944,-0.52686008645,-0.0321678789773,-0.0308807243882,0.541742459067,-0.0607038921904,-0.124751998139,-0.0380841343655,0.758625135062,-0.271539482042
0.212694158852,-0.165849608006,-0.194275524985,0.193770793969,-0.205948835385,-0.222747061177,0.115401297239,0.606803078433,0.103784067378,-0.0368199486564,-0.0260506197417,-0.113846826757,0.270361075298,0.239516445536,-0.00910973596644,-0.0106594383023,-0.0263480192883,0.29349770665,-0.206803469685,-0.313211793297,-0.182264993321,0.055577541788,0.0543001460392,-0.128265295558,0.182258607938,-0.0187345310807,0.00789763974598,0.00389385385911,-0.262752691472,0.0367593138513,0.145941093719,0.0819214343075,-1.0,0.456439242457,-0.0199917439941,0.334445606891,-0.423087569803,0.166383524475,-0.08428135941,0.0776310286053,0.479795612063,0.0360556300922,-0.19042626651,-0.0477001053862,0.0165203552597,-0.168794744244,0.119752096129,0.19315124864,0.27857675525,-0.0582807458397,0.0692071647508,-0.0910919967132,0.148536038947,0.0748939416662,-0.0840282725887,-0.148117008529,0.017900657745,0.12161995881,-0.0942853334048,0.0196987559585,0.00545136438955,0.104599299715,-0.0706965040446,0.140504977762,-0.0370772666097,0.165542261218,-0.38982876751,-0.106124124,0.201687849186,0.0982942225344,-0.0442185787797,-0.146884506394,-0.178109016938,-0.122263675957,-0.0737662827164,-0.248482158907,-0.185510581239,0.00174620106827,0.218072612838,-0.0697495716076,-0.120799188418,0.725715848581,-0.179205136786,0.323038419289,0.0402678252957,0.244245421753,0.409950274029,-0.0794565928811,-0.0397457799436,-0.00212709243559,0.255659157155,-0.154318254389,0.0424579851249,-0.101642810672,-0.0883906333027,0.0878889811508,-0.0973186439152,-0.0400870139756,-0.0430656446358,-0.0215235414037,-0.125549259247,-0.103740471138,0.229431547062,-0.15435416363,0.142108871106,-0.0464084869633,0.0870856796369,0.104509177875,-0.141251480921,0.0287025469768,0.413777432989,0.00859038100698,-0.0505623577943,-0.079710342123,0.240604448357,0.0481330692475,-0.131529854905,-0.0687790643239,0.233337317418,0.130513299418,0.302576293192,-0.0409708437236,0.0448457977407,0.00862141951655,-0.0159757644812,-0.00615836473946,0.253303586767,-0.164842281184,0.0661403751117,0.229694925489,0.229334849946,-0.133649239798,0.110272217444,-0.0967848301129,-0.0206981323442,0.162230062431,-0.00656393050635,0.358216607214,0.0155041907315,-0.137529109645,0.501709480654,-0.13142910569,0.0884110813336,0.0492620272315,-0.127295102256,-0.0100894493848,0.451733487091,0.0374554938751,0.113100223453,0.259044719581,0.134823509771,0.250635620168,-0.191740188781,0.252530312374,0.133385850633,0.107547751952,-0.216209725599,0.0187980582437,0.147788722562,-0.178146287826,-0.249588706395,0.0298727965145,0.169308341509,0.299559072639,-0.106812432767,0.0661117178247,0.168459946264,0.0665812737547,-0.0509681320107,-0.423312053323,-0.11967236443,0.0763061592461,0.0809082884869,-0.357646725916,0.132400631295,0.106830517941,0.0899501446458,0.20489892344,0.0728570687622,0.0216222204617,-0.310483964191,-0.243433096011,-0.113578436661,0.217723162965,-0.203817690252,-0.693895061136,0.0448258600403,0.186173469327,0.0682092508872,0.0786434256051,0.28807734038,0.0561474444378,0.0282322142668,-0.155964247667,-0.203990684561,-0.212378102729,0.213535064947,0.166292338253,-0.266052272273,0.0946557672185